BEGIN;
INSERT INTO users(user_id,email,display_name,first_name,last_name,avatar,creation_date,password_hash,totp_secret,mfa_type,uuid) VALUES('admin','','Administrator','','',X'','2023-02-21 08:18:54.319550118','\xb66bb5734e79836ff66264c85a64e84fb957eda89b3fe18d33570bd3e80fe574d34b6be862e3f177ffa8043365db08987d78302ef6ace78cf8046c2cd507fe5ca3be5d32947de185b6d5ffd66f8f88514bc7c703f372b863f438da5fb93f75f9f997ac820c9b9b4b6b72132bf81a925356c58f10aac2ee31c8aead6fafabbecd2c824204728fea939221cc1c985490d21dc7e5d97f6fbece6e4f4d2c7a23ab1dc496dbee1f16690a619d2aed2a86bc8083da6fcf290d9b72f1b0c58d10234847',NULL,NULL,'bad8d534-b6be-3fb4-bbff-eadf4d9126d4');
INSERT INTO users(user_id,email,display_name,first_name,last_name,avatar,creation_date,password_hash,totp_secret,mfa_type,uuid) VALUES('local-admin','local-admin@provider.test','local-admin','Local','Admin',X'','2023-02-21 08:22:44.380874416','\x9c2c25b0c7097a2b987e61930bf9afae1c61cc17738d823df2a6ecda772b6c6627179149dafd551dad33edd5e02555c5d74f7d096bc4a9583ab14bef1f739ecb84c1aa0dd08a5f410cdb839878e708b22187eb99f967382e3c44c9af5605b899ed787c0534e17b33016bccd3474eed21f2415859f75481c1289e83d62bbf3f448482ac9f1670534ca8d1bafb75608d63e3e1a96719fc2ea5e4af433d2d377c233cb65a9e0cc8ef9f27b0916ac25e5408ae01a90367667910242aae1aa5d632f8',NULL,NULL,'c71d6bd1-61f6-3af1-b27d-5e6fcc54569f');
INSERT INTO users(user_id,email,display_name,first_name,last_name,avatar,creation_date,password_hash,totp_secret,mfa_type,uuid) VALUES('patchhero','patchhero@provider.test','patchhero','Patch','Hero',X'','2023-02-21 19:02:02.406421933','\xacae496fdd7ae6f4810e5afa5e7f67d360c78dd802de827d7221b5e8446fc54e274b4f554ecb825f585487b41a372c1175d5e307ffa4d55dc29830977fcf926caf35b954cd62366010dac972e14a5c07f0c7c4e8859245ba1dad2040b3051c671033113811ab6c8f9b0640093121d7a5571050d2ddadbc715b37dd1f1a07e6de5712ca6ee073654e1ca9bf2b7673e5b457fef6f755742b1935b7921822c2fedf3ac6557aae35e39c0cd66c0ac2dcb9c4a372b9810fa92551c8fc25002f74799a',NULL,NULL,'542d1515-da53-3cb5-9a3c-aa006eb96b97');
INSERT INTO users(user_id,email,display_name,first_name,last_name,avatar,creation_date,password_hash,totp_secret,mfa_type,uuid) VALUES('mechanicjoe','mechanicjoe@provider.test','mechanicjoe','Joe','Mechanic',X'','2023-02-21 19:03:12.749172333','\xec2f2dd3aaa4cf442b9368f3b3a8bddcc8cb5968c3151e77dece773481e9d871834ab8db10f161c4a3f3a033c41d1833e81c2bed989a58da2346c36e4ac9ce41560861c73fe099cb777cf8212993087aece7d429731094ac58ce97544011a85bba39e21f81a5c69a4fc617890e9c67a828fde38190876bb320123428127f4fb14217418de43e17851f6567a751eff730cae0c7da81250cdf3f678925e6dc175e9c5a684267d068e31b121fab8f8169f429aa4e963bed1a0930f798a8366e4c11',NULL,NULL,'4398e206-e91b-3dd9-b5a6-162d2b5360d7');
INSERT INTO users(user_id,email,display_name,first_name,last_name,avatar,creation_date,password_hash,totp_secret,mfa_type,uuid) VALUES('blackhat','blackhat@provider.test','blackhat','Black','Hat',X'','2023-02-21 19:04:18.257793990','\x889fd26cc39003962eb9f679ba92d04a35f2f090b8a24c958dbd3a61d924a338d9425d3ee3b6665432525f92c555190ac178b9ad831a6b31a0f289f754abb39f44d53386c105295a1fc11c4a9469760471aa045b14214ad4989bd229b8f1297c4b02353863b2fdfdf15f64062d6dfb01788aee6355da65ee166cb46fd78464aa9023028828735b3028b0ba1f91d5c9c5e804179e0d7dc6858a1721e4347cf67846f8cbb9397cfe1674fbf256dda3cfa66961b04872485f271807a1819fbfbbc0',NULL,NULL,'f4f37377-ceea-3476-bd96-f5c2954553d7');
INSERT INTO users(user_id,email,display_name,first_name,last_name,avatar,creation_date,password_hash,totp_secret,mfa_type,uuid) VALUES('whitehat','whitehat@provider.test','whitehat','White','Hat',X'','2023-02-21 19:05:12.904265339','\x328092a32d0d98c4127a288fc332bd57e089e74a3d220d664a438539a405313c9184570f1455a044b84549908936804c0f56f9e95771b8dfdb1120b2e9e33fb2841615cb8829420bfd5aa3dd747005cd82dc4edf60e66559f0ec60d99d0126986a8d6a00d12644da661c39316dc5f6a268308987689a2657fe43ae3424a687d8297a3666253fc1776c6fad9e3497f17eaf8696142511b031f863edc1713540dc75eea2797ffb22ad0bd76966124bb98ae317f3399addfac0f347cabfb5ce36a9',NULL,NULL,'c4b70101-4f31-3d07-acf1-04492b157bb1');
INSERT INTO users(user_id,email,display_name,first_name,last_name,avatar,creation_date,password_hash,totp_secret,mfa_type,uuid) VALUES('happyhacker','happyhacker@provider.test','happyhacker','Happy','Hacker',X'','2023-02-21 19:07:34.636034369','\xf2aa50c55dccabddab5f0686adfcb8a1e5ba8eb01c97c7eb85e6c36d1b8583395991139b218585adebd197a145cddf3fea2b5fb90a6dc8c5c6838064d7a4b9ddd31945f4bb498204b6ae4c03500ab6e06d3727ba777510df7403580c70087fd7ff7a6cf3c52de5a05b71fa2fcfcd61bf0cf56fe249c3f0d2e80b3f87de458d598a93926a34b04dacd376cdca0aa02d93b7b665c0a0f3c06aa0d8b4312d265b67d71911b12e6a060d6f6a0e14af7ca10eac41f50e96246a465ac6c91942c38568',NULL,NULL,'cc3bfd4a-0db3-3f13-bd7e-cc17fcac249a');
INSERT INTO users(user_id,email,display_name,first_name,last_name,avatar,creation_date,password_hash,totp_secret,mfa_type,uuid) VALUES('blacksmith','blacksmith@provider.test','blacksmith','Black','Smith',X'','2023-02-21 19:22:43.921614258','\x08234c28e5673c199bdd88adcf29a3d536426ca77c12bf8c9e219260adc17458c7f1888cc2d5ee299e1a3d59f6288dc9301a96e67a2342c9645227c8206ca972f867685513c7ab6e57042b71e98b0358a4b7faa67f8c8ed06ab8505eda77176e94a894d3038bf70c1d7e8823f1a28ce4a96f5cdc7f2c1c422f3172cd3685285fa96e428351be5f4382b896a36aa81df33ddd996d110bec58fd7831664c33ab9eda53933b185b687a5eb6b38defa25fa6c87c51e06cd671364c84b09ae0d3a207',NULL,NULL,'b15a94b1-541f-3321-921d-b32c53c68f9b');
INSERT INTO users(user_id,email,display_name,first_name,last_name,avatar,creation_date,password_hash,totp_secret,mfa_type,uuid) VALUES('toolmaster','toolmaster@provider.test','toolmaster','Tool','Master',X'','2023-02-21 19:23:11.700305149','\x7af3b4bc17b5a1b4d545740265cec90cf83e0b02139fba8af4e243bc1c819c62192309c49c8d8a4597a83a4ea7df4d95b8652e79460c87ce5a9f4d2368528c270af8cb8aa88c37f5456df6c42e1a39c2ab809b270d700d1188ec63fb3051ff3d960b3a42c92b64688c85e7a2d308b1dadb4e873b93ae4820ba9e9ed2b53ddd4e95dd078a4f20614b331aa13d7ad088f0aa938e5622685b668a2bab1ebd60d139f8c3d73edd66cfbfdff28f10723cacd6967d36589f7a75faee9c23786b519715',NULL,NULL,'de1ed356-deda-3736-8223-19b7c291f0df');
INSERT INTO users(user_id,email,display_name,first_name,last_name,avatar,creation_date,password_hash,totp_secret,mfa_type,uuid) VALUES('tooltiger','tooltiger@provider.test','tooltiger','Tool','Tiger',X'','2023-02-21 19:23:35.329569564','\xf412886f682705ffdd777ca6b417fadd8cf9415d474aa5dff9f0a51cc17bc770b011ac872e650f982db3992281ee7f3885523a8aeb2923102880d72b0a3628fce83d048a85f8cb7724672834c315edc2d4175478641484b8ae1ff4f74110bc4f9fd091136bf80ade5cec723bc763d6d27259e903b2ba0aecc6c882d18b8e50afe09eadb2d119542746152c6c5bce412de4a4bf6bcc484c3d1172ce00e56d0d61bf301c74fc2a00664c3221580ca269ac927a9fefb99c8c52359e32649ff5ba2b',NULL,NULL,'0a3533a8-b925-3dd9-b5b7-1e8ec9a830a4');
INSERT INTO users(user_id,email,display_name,first_name,last_name,avatar,creation_date,password_hash,totp_secret,mfa_type,uuid) VALUES('diskarchitect','diskarchitect@provider.test','diskarchitect','Disk','Architect',X'','2023-02-21 19:24:07.252278098','\xeaec99c5ffd15c934c8990799a42ad4381f82f85c6323a0e8f7fad431f1a5a61ddecb2a62eecf1fb18c912bdb1a31383d951dbfe3bc9fd165ee63f1d47195d688a6f805915e95aeb60d4d654e6f57e6699946bac0f673512a6abdb353edeea1b0b4edf845bd7e56aad542a225d00904addfe5d87e8e1b6502ebbf9536d5ab5adac3d736ad3220068b5eec6b31ee9bbde85f74b809f86481a9ccdc4ee1676777c9acfc0ff9aa34ebfc3e7751be83e8de6fde3bf364a53de0707109637179d0578',NULL,NULL,'17230906-9f6a-346f-afc0-023d2a19bb33');
INSERT INTO users(user_id,email,display_name,first_name,last_name,avatar,creation_date,password_hash,totp_secret,mfa_type,uuid) VALUES('netarchitect','netarchitect@provider.test','netarchitect','Net','Architect',X'','2023-02-21 19:24:34.202539945','\xe40f87f8f3b8a8b31989e7ea5b9fd66a51524652d54b17aa1dd6733d396ff07baa5ddc271dd2da5ebfbab01c5b36af0fa7b24b6a149820eb77b47c8b7e920e73495b388d0c97b26ebd3d6b358e0710979df43306f39230b4df2c0ba58e6fc4bf6b805a886184b62570500803ca1ae4c64d2d133f0be9001c62822f3c0009bd04e041de665287ae329ef06e495b26194d2fce6a80e066afa98f4e7b9c06491ca1907773796ec9e0f632720e0b55e88483dba9bce0ef030c770d7dc3075f9885ce',NULL,NULL,'b23d691f-6039-3520-b883-6c09d67b5546');
INSERT INTO users(user_id,email,display_name,first_name,last_name,avatar,creation_date,password_hash,totp_secret,mfa_type,uuid) VALUES('compuarchitect','compuarchitect@provider.test','compuarchitect','Compu','Architect',X'','2023-02-21 19:25:01.827109533','\x2e281a09595a9b46521508a9fb4a8a19e62172f9649830316fbcd47de569d12fbd33311d1a9a4be83a31a6dc486d07956d142b9499ea59694d5a5e3df6ce3cb6e637b78228195a4c73a4f14fa1528f709db40463056e04973ec194d03e969443045d82ccd5123c386febf05b24b3be7a1b6f180d824418d527d62d58c5b39ea7287a0d59c3fda82a1b34d351698aba0fc5961e3fc94c0a55a0d52628ba484f47ca2b7aa75d692614cf504279e181c2a0f1bd413bcb3aa9cc762c904ab7dc3ae5',NULL,NULL,'279c80cf-067a-3de2-a0f7-0fe2d043a1bb');
INSERT INTO users(user_id,email,display_name,first_name,last_name,avatar,creation_date,password_hash,totp_secret,mfa_type,uuid) VALUES('diskspecialist','diskspecialist@provider.test','diskspecialist','Disk','Specialist',X'','2023-02-21 19:25:30.115471498','\x6e8ad16aa88fac6fd754e0882088b8ae17c6a4dc09e6b2af4ffae3a1addf3c60d74a24d874a77b911ff856bcb131364c5400ee0f4e4d8a074877e7e532d8b95446312b9a637a63d2efcdff676da72283c9771aa6d5abe7c33f65f82c9bb6eb8b829a4934a36d4f64846f6f6609d3edd183024ee01eee0d32b80009487494f3aa01f9d4e44a170a47bd1db835be74140717eb8b22488737bd72a933a5d03ea1eb536159493bb4bdf383711bcf8dc82de8db741e801c9af3386c88123a29cc307c',NULL,NULL,'355170af-158f-3bca-94c3-5b0a4102a5db');
INSERT INTO users(user_id,email,display_name,first_name,last_name,avatar,creation_date,password_hash,totp_secret,mfa_type,uuid) VALUES('diskdude','diskdude@provider.test','diskdude','Disk','Dude',X'','2023-02-21 19:25:55.059239877','\x6c93a89bd8563fbd98249d1ac13d507a95baa2c7e57a0252af8347139ff75075fb5a10c3c31a2c414d97d14982ca3f50b721255ea03c67608600e5143b2b5b1b1fcaa5d585469745c04637487b31b840320e47e8aa96129fefce4f482056a3039fd33c102779f2bec070c82c9099d05b36f12a10d4b5c52027618549673c6b1704aab9e7f5371c989f413d3faaf519caaf20eb2b5d924f6f1adf9741bb36b98b545900546ad2692970361ccb83d77d6bb897a7a71ad90b7b9dc627fa86da2d12',NULL,NULL,'ca2fefd9-abc3-3fa7-9b03-b1499c6da2a9');
INSERT INTO users(user_id,email,display_name,first_name,last_name,avatar,creation_date,password_hash,totp_secret,mfa_type,uuid) VALUES('netspecialist','netspecialist@provider.test','netspecialist','Net','Specialist',X'','2023-02-21 19:29:26.934108814','\x0e506c311d9168755d0ce0f31cca177873cd2a4368e0bc5a513b18708e18630a12b32fe9041bc234f04bf37e4e220555000354e194212ed2e1c2d4d58daeea2fcd373a9ed22b9a7b874013324ab5aa63af644b008ef1e47c9ce3be2c1b86b342728845bd54a550e8d6f08af8a96423e469201adcd3e6d02cc000e49a3bee741bcb1debe75c2c805d5d60e8300f8d449d960b6b71fbd14cc4667bfc35528b209e9a06d35265ac6181760ad6282ade241c02f4834b81e184cc0399e4a16e256b53',NULL,NULL,'bba4a960-1d23-36ab-9d0c-ed7f3f55c65e');
INSERT INTO users(user_id,email,display_name,first_name,last_name,avatar,creation_date,password_hash,totp_secret,mfa_type,uuid) VALUES('netdude','netdude@provider.test','netdude','Net','Dude',X'','2023-02-21 19:30:06.652840846','\x665348c6299aa20623812c8969bb466d7c1318a842099408194b6772cdd4d53886849a83663fa96cfc9000d9ad819bf0ca1b50c976091a8a28570c8093932fdb857eb4a5f21d2446285075379a62e78e38c489d5a933f9eb3db93b37ebdeb71c5ffe2c6f244394f4f39d985d340ae149e5d588243522ad6145500cc4d4b6eeb31253ef368ea399668773a5d5ad362331d69d053ab33af3928373d4415ee85abb63d57973607b546852d3d8c1b9fa12ca74e5d2dc8bb6836b8882d4466005d7e4',NULL,NULL,'0ac3e71a-fc9f-3718-8c1b-b029a1c1b5b8');
INSERT INTO users(user_id,email,display_name,first_name,last_name,avatar,creation_date,password_hash,totp_secret,mfa_type,uuid) VALUES('compuspecialist','compuspecialist@provider.test','compuspecialist','Compu','Specialist',X'','2023-02-21 19:30:58.249435348','\xb0971fa1ae272cd2a62baf5276d008c2da799a4ef62008bd6e8223b1172afa57e506615100675f283bb2d9323ab7857737e2d348358aaeff3564b6f7df4be18632c69a554496ac5f5c6a1d697c001f3ca19ed1b636889ec4800d8849c87afdd04bdad2a6eb1a02e3d50d6c03730bbba2cdf5b58d4c3fe1c3126b1a84d258dcf52cace6a344790661a010a29649e92bf9e8e66a51dd77dcc253de05988174f204e44146b253e61b1e4a865ba7987ff3445426275f1a0ea76c6da71663e4ac4fa8',NULL,NULL,'763c370c-29c4-37f4-ade6-b215129415c0');
INSERT INTO users(user_id,email,display_name,first_name,last_name,avatar,creation_date,password_hash,totp_secret,mfa_type,uuid) VALUES('compudude','compudude@provider.test','compudude','Compu','Dude',X'','2023-02-21 19:31:38.586473650','\xe005fa734b318d2e464ad4559e095ce92de8b4d9536493a7dc585ce6a46e1c02d62c358de2a1c79094f03f75eb4f8b886b4d037059fd9dadef86a9733792d1bbe9fce7fe1814977d3f4c7b834c0b39b3bb7be016705fc26a2b18eb1ca16abe5f7f4ff64ddf5c7c62ae635069bc98bc3b91b2e40b53f8ea49f33a912dbbfaa0509a99f83bd5176dda8725144f7217b9b49f8bb173194d2ff499ec0bc7dcd2a1bdf593c7e3459a39ca704fee6055e5f5fe3e17ea22a1276406c8ac1d773965c4ac',NULL,NULL,'c715afb1-1f86-3a18-9957-3dd0f4899798');
INSERT INTO users(user_id,email,display_name,first_name,last_name,avatar,creation_date,password_hash,totp_secret,mfa_type,uuid) VALUES('corearchitect','corearchitect@provider.test','corearchitect','Core','Architect',X'','2023-02-21 19:32:19.128706911','\xee8633cb6598fc99602ee1739bbbcb96e03e7b56fee886ddc323cb1330276a4e41c85a08680e1167896d20adc60812ef23df36835004f7264571b5415c2de2ef31f557ab01fd60dcf3eea4bf061d43e5b1a6ffb242e7eac017825566bc54809a94ee4f3534650268aeea9b9c55499a939f545049b825af45c2ca0a85684360e345f5c1d327e9fa9b95f56204adb469774f35075f0303437c5aa4cb13b18acbb516f1a2aaa870625dd5bc7edf393c2ea9897a2cb1decef81c5f1fb7a678d7262b',NULL,NULL,'ed0ae095-f730-31fb-abcb-8113d2695d2c');
INSERT INTO users(user_id,email,display_name,first_name,last_name,avatar,creation_date,password_hash,totp_secret,mfa_type,uuid) VALUES('wanspec','wanspec@provider.test','wanspec','Wan','Spec',X'','2023-02-21 19:32:56.268857423','\xa036becab68882435ba526d72215707f90cb4e3c2997ce1a38bbc49d3e59d878b7e6dd2dfa36b38aa353f65fce81f387e8df9eb7fcf8bf32f24283053ebf8616ac4f8a43c44e9f8055c629cc10250e8259b702256785ecc2116ea790550d1e6cdcfba1183267fbc0fe8a5aafec2d439316fb1b90f970d0ec290e05fed64201bc06d5ddd1ca28146719efc34cfefd6b6509d81d8e6c6744ee6e87ba4044f46cf17bf919bf478f20177d4412bed9bd1a897006f14d6af2053c29c94a9bd223aaa3',NULL,NULL,'76557bcd-7c16-3192-8d93-970c8b936ac6');
INSERT INTO users(user_id,email,display_name,first_name,last_name,avatar,creation_date,password_hash,totp_secret,mfa_type,uuid) VALUES('wanoper','wanoper@provider.test','wanoper','Wan','Oper',X'','2023-02-21 19:33:29.357562079','\x5e6106083460ab9b432e3ed4fc50d3ca4b26b8b8ed387d8bfc07e36e284711607bc180ba1b19fc30601095c1279640912de2949ab0e4cae1360305252ed7143d15f3b0d64361157888e50286852f889df4326d64237a5a92fef4665328f20ca3aacbf0385ce3099ed3419b862612105ad52f1a6d60ed9cdd56b2d3b80e9fa505522798675763fa4f1d7f8f19ab54bf4050f4189f2fcdf71b0cd89b174adc5a23d3dc8a6ab2cf605a4ab294c689554d30e79da49cc6958413c448762a12e6c0ed',NULL,NULL,'7225fb12-15b1-3800-bc21-b924f2c4855b');
INSERT INTO users(user_id,email,display_name,first_name,last_name,avatar,creation_date,password_hash,totp_secret,mfa_type,uuid) VALUES('campuswifidev','campuswifidev@provider.test','campuswifidev','Campus','WifiDev',X'','2023-02-21 19:34:18.183188453','\x488ff730d11bde84f0449230477f400090909f7b5b20967746afaa070b44a5045241819d4c1bdcad0aa7996b51a4040d5c8ea386e78c2bca12f4470a7dc95685684d0145263359058d787ec5c6975d7d311863c94710e672feffa0732cfcd0288602eabd4b200e5250276429113f0733fe820b3cc88df8a65f1aa9052664ba48745d75a0baf68c9d5c20c7ce09b2cbc67035404aa13cb8197416277880d4e42c9580b73ae53859305e0f1c7d61b9b7b4999d3a4bf3de18380ca99b873c2b3d7b',NULL,NULL,'6f08ca5e-886d-3be1-9495-9d6f68fc3a28');
INSERT INTO users(user_id,email,display_name,first_name,last_name,avatar,creation_date,password_hash,totp_secret,mfa_type,uuid) VALUES('campuslandev','campuslandev@provider.test','campuslandev','Campus','LanDev',X'','2023-02-21 19:34:55.773608272','\xc6c54d3a7bacb961d49d624ac9080fbaf652c4b84767758f50278c5b5fcb530dfe1a0365907af7ec601f3f662c4db35014c32c338b90f9308bbb5147ca67dca2de01e085ed06cd98e893dfe01b84a7d4b7a7c4b22f647d9fd21dc562eff4341cc55527288fcd4ac4bb328b42ab98b60b65d956de8774cca05936ea61b2bfe045947e27ed506466d8b93651cb950fc2578c28b8bdca8a19771644ba7be6a9836116a144a860e0bb0a0aaf2deb3b0d4815df5ed52676fae113c086bc993e1562c0',NULL,NULL,'8a1e4af2-af4b-3450-ba3c-9aad7db3d625');
INSERT INTO users(user_id,email,display_name,first_name,last_name,avatar,creation_date,password_hash,totp_secret,mfa_type,uuid) VALUES('campusspec','campusspec@provider.test','campusspec','Campus','Spec',X'','2023-02-21 19:35:34.861429432','\x201532af8f026e1975f738e3b3b912eb2536240157ee3bb44923ff072d36ff10cd2697cb55e40fa3a2316e9fa6f5c4126e050d2311dce04ed2ecd950014964c603817bc8c8d2b6d3c025b9ad59a2fde2b7b7677fcf26db2b0a935db826d2eaaacd4dc73e3becaf07537af771a2487b0edb1c10150b18df6792ff0c7c007665975c35f94fc98658c8d50374cf55678a9246b7ff74da8e5a2691fe3367b83980b63ff84d095efba7a04cdd3325f6fb9eb9d9c41de217562258d5a15d7baf339c74',NULL,NULL,'1cbd6fdc-db43-3c38-a583-1d034a707e6d');
INSERT INTO users(user_id,email,display_name,first_name,last_name,avatar,creation_date,password_hash,totp_secret,mfa_type,uuid) VALUES('campusoper','campusoper@provider.test','campusoper','Campus','Oper',X'','2023-02-21 19:36:09.959085916','\x762532fc6d2517b354b3c2c76999aa7544412ce205a45b1401afd0982d52881bcf8318c0a3856fe561f01ec1ea178f924ea1a98c7df97929856a6d6c6fb1a28c7f1a0affcb09321e79569146417c5155431c31d3e81c91f0b852c3e6e535304606738dc33778d68da2274142dec377fda3ec344a057cdb01be2757204a8a41c8e01d62ee51653f8e07c2604521722b77ba7224e34d04c1f78e81dc047dca5db3fc9d62bc8022f8ae782760d57aacfad52aded58ccce50f90ee1b480defe87a57',NULL,NULL,'9df0fe3c-2756-3c96-bf1c-c698794aa4fa');
INSERT INTO users(user_id,email,display_name,first_name,last_name,avatar,creation_date,password_hash,totp_secret,mfa_type,uuid) VALUES('jenkins-jenkins','jenkins-jenkins@provider.test','jenkins-jenkins','Jenkins','Jenkins',X'','2023-02-21 19:36:47.745707395','\xb2bdd4e36a76d1193d0c22589550b1768827a7590adc068282718113accd8316ca4a9b7d47082f4d8dcc6552bb8f9e41c72f46e59ae86e91dd4d93c7ff9fa322617caab8e47a3ec1ba9625eb510c2a1bd5010f2b3c4da44c658443025709fb9ea5701d5ccfb4db48f505b6a04e7888ca49cb48fd46afe4daf91ee5727646c3fdd0e29eb74b7b1148f4c4cc0154a2c836891530790f65d57322c571cdafe43b65ba414c20820ae0f6342d2f16d7cecbdf1673f6ba42506159fcffc663ecd69496',NULL,NULL,'e8c659f2-b1de-3e2e-96d6-ee29c01460ed');
INSERT INTO users(user_id,email,display_name,first_name,last_name,avatar,creation_date,password_hash,totp_secret,mfa_type,uuid) VALUES('jenkins-git','jenkins-git@provider.test','jenkins-git','Jenkins','Git',X'','2023-02-21 19:37:32.141166442','\x18e186fde072a223bb795d8dc68f5036af4c8fad25ace66559d837d9d86df758bc39ffd52f5cc4698126046e0fc557af45f8ca8a7737475c4773eba40e873e2a0552dbfed97f8b85dade45d62564d4917e468ad6822295b0247772099fabfef0eee522a9a82cf18af688b4631dfe2e3454d376f23ebd3adeed3e6457c0b37a6fde6e6313325802f55d9142eba6aa434273a21b118c7af2ec62ecab917fff3f28b6ce2d257c9aa25e8aa98b4205ff04bcdc62b67ccc46dff05d445b10036ac8cc',NULL,NULL,'36d703d1-aa76-392c-9e29-e5d629e674f1');
INSERT INTO users(user_id,email,display_name,first_name,last_name,avatar,creation_date,password_hash,totp_secret,mfa_type,uuid) VALUES('netcicd','netcicd@provider.test','netcicd','Net','CICD',X'','2023-02-21 19:38:47.624706954','\xa0e8a9f5569bd93e1545d9d4b4bb7b7593a95ea7a9845a1450c034edaeb62c2b5a9534c4b1a42ec50783ba323c6501fa67a0ad544ae5ec94ef69d2e9219f6dc4dbd567556b9b163e6d655b51f0c79b39068649967b9e4d10de7a455a06bd6e77a2594f4111f7eea46496db3c0dcf6ec8132329e385463229c1d5c29540066b55b8a90e3bf375fe5cc25fd799bd34a59812e8f0d34a50baab1b962c2d70b0d7380e743f4fdf0b52629e9a0f5105893265df20dbce84d1a880337c4f13c4d87c3f',NULL,NULL,'19001dc9-f9db-3acd-9dce-e96c641b720f');
INSERT INTO "groups"(group_id,display_name,creation_date,uuid) VALUES(1,'lldap_admin','2023-02-21 08:18:54.453178410','f7f79238-74e0-3102-9367-03d8a86090df');
INSERT INTO "groups"(group_id,display_name,creation_date,uuid) VALUES(2,'lldap_password_manager','2023-02-21 08:18:54.475941249','690571a9-5637-378d-8d0f-7747cec749b5');
INSERT INTO "groups"(group_id,display_name,creation_date,uuid) VALUES(3,'lldap_strict_readonly','2023-02-21 08:18:54.488861369','02cad03f-9596-3f9a-a4af-d8d8313c3dbb');
INSERT INTO "groups"(group_id,display_name,creation_date,uuid) VALUES(4,'toolbox_admin','2023-02-21 18:56:17.199297702','a9cfc58c-493c-3535-a7cd-c84aa8b2d3e9');
INSERT INTO "groups"(group_id,display_name,creation_date,uuid) VALUES(5,'tooling_dev_design','2023-02-21 18:56:26.133010032','66ef06bb-8fb9-3fda-9c38-3a2f93ac524b');
INSERT INTO "groups"(group_id,display_name,creation_date,uuid) VALUES(6,'tooling_ops_oper','2023-02-21 18:56:30.782652715','90d8daaf-4a20-390a-8244-42a1ffa91367');
INSERT INTO "groups"(group_id,display_name,creation_date,uuid) VALUES(7,'tooling_ops_spec','2023-02-21 18:56:36.446648910','84e8039c-6d1b-3d87-a047-2b8da5d7bdea');
INSERT INTO "groups"(group_id,display_name,creation_date,uuid) VALUES(8,'git_from_jenkins','2023-02-21 18:56:56.917814839','cd4c2cad-a8b2-317f-b68a-ba65a6cb7de7');
INSERT INTO "groups"(group_id,display_name,creation_date,uuid) VALUES(9,'campus_dev_lan','2023-02-21 18:57:10.311034232','731f0de8-bece-3cea-9b14-647cf8889ec9');
INSERT INTO "groups"(group_id,display_name,creation_date,uuid) VALUES(10,'campus_dev_wifi','2023-02-21 18:57:16.715031138','2060be5a-4d54-32cf-a167-394e8f4dd4c7');
INSERT INTO "groups"(group_id,display_name,creation_date,uuid) VALUES(11,'campus_ops_oper','2023-02-21 18:57:21.474553378','f04058aa-afd7-3fce-b254-df3fa2ebecfa');
INSERT INTO "groups"(group_id,display_name,creation_date,uuid) VALUES(12,'campus_ops_spec','2023-02-21 18:57:26.578457378','633f6be6-4ce0-3cd7-805b-433941999db2');
INSERT INTO "groups"(group_id,display_name,creation_date,uuid) VALUES(13,'cicd_agents','2023-02-21 18:57:31.341161825','4e71a51b-a369-3a38-a5e6-fd2ef8dd4a67');
INSERT INTO "groups"(group_id,display_name,creation_date,uuid) VALUES(14,'wan_dev_design','2023-02-21 18:58:18.792526197','1a0d5795-640f-3c53-b393-bd77e2a46594');
INSERT INTO "groups"(group_id,display_name,creation_date,uuid) VALUES(15,'wan_ops_oper','2023-02-21 18:58:23.097826500','05087be8-53b6-3425-bd66-cb75a73babbb');
INSERT INTO "groups"(group_id,display_name,creation_date,uuid) VALUES(16,'wan_ops_spec','2023-02-21 18:58:28.357475940','427615dc-1468-3fe1-ad9d-a98693ea3dd8');
INSERT INTO "groups"(group_id,display_name,creation_date,uuid) VALUES(17,'dc_dev_compute','2023-02-21 18:58:39.934176480','7f9a4533-86e7-369f-9cbc-80db348127be');
INSERT INTO "groups"(group_id,display_name,creation_date,uuid) VALUES(18,'dc_dev_network','2023-02-21 18:58:44.339479784','75d1447d-e61c-313c-baae-339b7152440e');
INSERT INTO "groups"(group_id,display_name,creation_date,uuid) VALUES(19,'dc_dev_storage','2023-02-21 18:58:49.180009363','7ae59152-7429-363d-858c-396ccb705a98');
INSERT INTO "groups"(group_id,display_name,creation_date,uuid) VALUES(20,'dc_ops_compute_oper','2023-02-21 18:58:54.214761420','cb6e97a5-a150-3deb-9fba-15daf92bf6e4');
INSERT INTO "groups"(group_id,display_name,creation_date,uuid) VALUES(21,'dc_ops_compute_spec','2023-02-21 18:59:02.342098960','dcb108c8-b075-36bd-86bc-24a8058ded12');
INSERT INTO "groups"(group_id,display_name,creation_date,uuid) VALUES(22,'dc_ops_network_oper','2023-02-21 18:59:10.371324362','620495c1-647b-317e-9cba-3ae634e511c6');
INSERT INTO "groups"(group_id,display_name,creation_date,uuid) VALUES(23,'dc_ops_network_spec','2023-02-21 18:59:26.136502222','805bfadd-5542-3b95-8331-e6a94405b04e');
INSERT INTO "groups"(group_id,display_name,creation_date,uuid) VALUES(24,'dc_ops_storage_oper','2023-02-21 18:59:53.198893078','55da8b81-26c2-3acd-bf32-f99514682a5a');
INSERT INTO "groups"(group_id,display_name,creation_date,uuid) VALUES(25,'dc_ops_storage_spec','2023-02-21 19:00:03.413792478','e0d86ab5-8bd6-361d-bbec-26413c53b8cc');
INSERT INTO "groups"(group_id,display_name,creation_date,uuid) VALUES(26,'security_dev_design','2023-02-21 19:00:26.768540896','f55cd692-0cd4-3079-8c4a-b1177717b1a3');
INSERT INTO "groups"(group_id,display_name,creation_date,uuid) VALUES(27,'security_ops_oper','2023-02-21 19:00:32.097267355','ee8397d7-d80c-3f4b-98da-2e71c4e76a7d');
INSERT INTO "groups"(group_id,display_name,creation_date,uuid) VALUES(28,'security_ops_spec','2023-02-21 19:00:36.833504116','559ed86b-cd27-3c12-b23f-f919df043c64');
INSERT INTO "groups"(group_id,display_name,creation_date,uuid) VALUES(29,'field_services_eng','2023-02-21 19:00:56.432144165','68118c4f-b882-3e00-b901-80bfe0d43101');
INSERT INTO "groups"(group_id,display_name,creation_date,uuid) VALUES(30,'field_services_floor_management','2023-02-21 19:01:02.254955244','8b6abb5f-d0de-378b-9cef-ad6e99ab423e');
INSERT INTO memberships(user_id,group_id) VALUES('admin',1);
INSERT INTO memberships(user_id,group_id) VALUES('local-admin',1);
INSERT INTO memberships(user_id,group_id) VALUES('mechanicjoe',29);
INSERT INTO memberships(user_id,group_id) VALUES('patchhero',30);
INSERT INTO memberships(user_id,group_id) VALUES('blackhat',26);
INSERT INTO memberships(user_id,group_id) VALUES('whitehat',28);
INSERT INTO memberships(user_id,group_id) VALUES('diskdude',24);
INSERT INTO memberships(user_id,group_id) VALUES('diskspecialist',25);
INSERT INTO memberships(user_id,group_id) VALUES('blacksmith',5);
INSERT INTO memberships(user_id,group_id) VALUES('compuarchitect',17);
INSERT INTO memberships(user_id,group_id) VALUES('diskarchitect',19);
INSERT INTO memberships(user_id,group_id) VALUES('happyhacker',27);
INSERT INTO memberships(user_id,group_id) VALUES('netarchitect',18);
INSERT INTO memberships(user_id,group_id) VALUES('toolmaster',7);
INSERT INTO memberships(user_id,group_id) VALUES('tooltiger',6);
INSERT INTO memberships(user_id,group_id) VALUES('netspecialist',23);
INSERT INTO memberships(user_id,group_id) VALUES('netdude',22);
INSERT INTO memberships(user_id,group_id) VALUES('compuspecialist',21);
INSERT INTO memberships(user_id,group_id) VALUES('compudude',20);
INSERT INTO memberships(user_id,group_id) VALUES('corearchitect',14);
INSERT INTO memberships(user_id,group_id) VALUES('wanspec',16);
INSERT INTO memberships(user_id,group_id) VALUES('wanoper',15);
INSERT INTO memberships(user_id,group_id) VALUES('campuswifidev',10);
INSERT INTO memberships(user_id,group_id) VALUES('campuslandev',9);
INSERT INTO memberships(user_id,group_id) VALUES('campusspec',12);
INSERT INTO memberships(user_id,group_id) VALUES('campusoper',11);
INSERT INTO memberships(user_id,group_id) VALUES('jenkins-jenkins',13);
INSERT INTO memberships(user_id,group_id) VALUES('jenkins-git',8);
INSERT INTO memberships(user_id,group_id) VALUES('netcicd',1);
INSERT INTO memberships(user_id,group_id) VALUES('netcicd',4);
INSERT INTO jwt_refresh_storage(refresh_token_hash,user_id,expiry_date) VALUES(-7726009400005732630,'admin','2025-02-19 10:50:54.911173279');
SELECT setval(pg_get_serial_sequence('groups', 'group_id'), COALESCE((SELECT MAX(group_id) FROM groups), 1));
COMMIT;
